image_url, image_title, author
https://i.imgur.com/LKrgwWM.jpg, M34, /u/azzkicker7283
https://i.redd.it/1wmj3n567n241.jpg, M45, /u/hinterlufer
https://i.imgur.com/ZDwkBKy.jpg, M45, /u/The_8_Bit_Zombie
https://i.imgur.com/lOp3EC3.jpg, Cali Neb, /u/Cdtj3
https://i.redd.it/hlh02rll18141.jpg, Arp273, eigenVector82
https://i.redd.it/p68p3ou3gwx31.jpg, Andromeda, /u/usernaneisalreadytak
https://i.redd.it/9y4m55s7df241.png, Andromeda, /u/hotspicybonr
https://i.redd.it/yoi99i9z76341.jpg,Horsehead and Flame,/u/hotspicybonr
https://i.redd.it/19eal24spa741.jpg,Horsehead and Flame,/u/OkeWoke
https://i.imgur.com/6WpzCRC.jpg, Orion widefield cropped, Alistair Symonds
https://i.imgur.com/GaLnhpR.jpg,North Panel,/u/azzkicker7283
https://i.imgur.com/7sIWROc.jpg,South Panel,/u/azzkicker7283